<manifest><control namespace="LookUpMulSel" constructor="LMS" version="1.4.0" display-name-key="LMS" description-key="LMS description" control-type="virtual" api-version="1.3.5"><external-service-usage enabled="false" /><property name="multiSelectedValues" display-name-key="Multi Select Lookup Values" description-key="Selected values in comma seperated" of-type="SingleLine.Text" usage="bound" required="true" /><property name="relatedEntityType" display-name-key="Related Entity Type" description-key="Related entity type" of-type="SingleLine.Text" usage="input" required="true" /><property name="relatedPrimaryColumns" display-name-key="Related Primary Columns" description-key="Primary columns should be in following format. Ex: primarykeyid, primaycolumn(name)" usage="input" of-type="SingleLine.Text" required="true" /><property name="primaryEntityType" display-name-key="Primary Entity Type" description-key="Primary entity Type" usage="input" of-type="SingleLine.Text" required="true" /><property name="relationshipName" display-name-key="Relationship Name" description-key="N:N relationship name" usage="input" of-type="SingleLine.Text" required="true" /><property name="primaryEntityId" display-name-key="Primary Entity ID" description-key="Bind the property to ID of primary entity" usage="bound" of-type="SingleLine.Text" required="true" /><resources><code path="bundle.js" order="1" /><platform-library name="React" version="16.8.6" /><platform-library name="Fluent" version="8.29.0" /><css path="css/LMS.css" order="1" /></resources><feature-usage><uses-feature name="Utility" required="true" /><uses-feature name="WebAPI" required="true" /></feature-usage><built-by name="pac" version="1.21.8" /></control></manifest>