<manifest><control namespace="LookUpMulSel" constructor="LMS" version="0.0.46" display-name-key="LMS" description-key="LMS description" control-type="virtual" api-version="1.3.5"><external-service-usage enabled="false" /><property name="multiSelectedValues" display-name-key="Property_Display_Key" description-key="Property_Desc_Key" of-type="SingleLine.Text" usage="bound" required="true" /><property name="relatedEntityType" display-name-key="relatedEntityType_Display_Key" description-key="relatedEntityType_Desc_Key" of-type="SingleLine.Text" usage="input" /><property name="relatedPrimaryColumns" display-name-key="relatedPrimaryColumns_Display_Key" description-key="relatedPrimaryColumns_Desc_Key" usage="input" of-type="SingleLine.Text" /><property name="primaryEntityType" display-name-key="primaryEntityType_Display_Key" description-key="primaryEntityType_Desc_Key" usage="input" of-type="SingleLine.Text" /><property name="relationshipName" display-name-key="relationshipName_Display_Key" description-key="relationshipName_Desc_Key" usage="input" of-type="SingleLine.Text" /><property name="primaryEntityId" display-name-key="primaryEntityId_Display_Key" description-key="primaryEntityId_Desc_Key" usage="bound" of-type="SingleLine.Text" /><resources><code path="bundle.js" order="1" /><platform-library name="React" version="16.8.6" /><platform-library name="Fluent" version="8.29.0" /><css path="css/LMS.css" order="1" /></resources><feature-usage><uses-feature name="Utility" required="true" /><uses-feature name="WebAPI" required="true" /></feature-usage><built-by name="pac" version="1.21.8" /></control></manifest>